{"cameraMode":{"drawMode":0,"name":"Shaded","section":"Shading Mode"},"sceneLighting":false,"audioPlay":false,"sceneViewState":{"m_AlwaysRefresh":false,"showFog":true,"showSkybox":false,"showFlares":true,"showImageEffects":true,"showParticleSystems":true,"showVisualEffectGraphs":true,"m_FxEnabled":true},"in2DMode":false,"pivot":{"x":0.4879002571105957,"y":111.42030334472656,"z":10.013055801391602},"rotation":{"x":0.2409154176712036,"y":0.016936758533120157,"z":-0.004559915978461504,"w":0.9705518484115601},"size":126.10723876953125,"orthographic":false}