{"cameraMode":{"drawMode":0,"name":"Shaded","section":"Shading Mode"},"sceneLighting":false,"audioPlay":false,"sceneViewState":{"m_AlwaysRefresh":false,"showFog":true,"showSkybox":false,"showFlares":true,"showImageEffects":true,"showParticleSystems":true,"showVisualEffectGraphs":true,"m_FxEnabled":true},"in2DMode":false,"pivot":{"x":1.1589922904968262,"y":0.4921703636646271,"z":1.9369686841964722},"rotation":{"x":0.024242253974080087,"y":-0.969950795173645,"z":0.10536761581897736,"w":0.2187083661556244},"size":0.5806344747543335,"orthographic":false}