{"cameraMode":{"drawMode":0,"name":"Shaded","section":"Shading Mode"},"sceneLighting":true,"audioPlay":false,"sceneViewState":{"m_AlwaysRefresh":false,"showFog":true,"showSkybox":true,"showFlares":true,"showImageEffects":true,"showParticleSystems":true,"showVisualEffectGraphs":true,"m_FxEnabled":true},"in2DMode":false,"pivot":{"x":-49.73427200317383,"y":8.915790557861329,"z":51.24093246459961},"rotation":{"x":0.27647972106933596,"y":0.15143626928329469,"z":-0.044717539101839069,"w":0.9481620788574219},"size":4.820209503173828,"orthographic":false}