{"cameraMode":{"drawMode":0,"name":"Shaded","section":"Shading Mode"},"sceneLighting":true,"audioPlay":false,"sceneViewState":{"m_AlwaysRefresh":false,"showFog":true,"showSkybox":true,"showFlares":true,"showImageEffects":true,"showParticleSystems":true,"showVisualEffectGraphs":true,"m_FxEnabled":true},"in2DMode":false,"pivot":{"x":2.987395763397217,"y":0.4989645183086395,"z":0.42779967188835146},"rotation":{"x":0.1706637740135193,"y":0.32241636514663699,"z":-0.05983520671725273,"w":0.9293643236160278},"size":5.01245641708374,"orthographic":false}