{"cameraMode":{"drawMode":0,"name":"Shaded","section":"Shading Mode"},"sceneLighting":false,"audioPlay":false,"sceneViewState":{"m_AlwaysRefresh":false,"showFog":true,"showSkybox":false,"showFlares":true,"showImageEffects":true,"showParticleSystems":true,"showVisualEffectGraphs":true,"m_FxEnabled":true},"in2DMode":false,"pivot":{"x":0.026360034942626954,"y":2.3600003719329836,"z":-3.999913215637207},"rotation":{"x":-0.3275538682937622,"y":0.10289182513952255,"z":0.03547769784927368,"w":0.9387111067771912},"size":12.12435531616211,"orthographic":false}