{"cameraMode":{"drawMode":0,"name":"Shaded","section":"Shading Mode"},"sceneLighting":false,"audioPlay":false,"sceneViewState":{"m_AlwaysRefresh":false,"showFog":true,"showSkybox":false,"showFlares":true,"showImageEffects":true,"showParticleSystems":true,"showVisualEffectGraphs":true,"m_FxEnabled":true},"in2DMode":false,"pivot":{"x":-0.30079948902130129,"y":0.027433395385742189,"z":-0.15669667720794679},"rotation":{"x":0.475297749042511,"y":-0.38261157274246218,"z":0.23993024230003358,"w":0.7553849816322327},"size":0.6062178015708923,"orthographic":false}